{
  "project_info": {
    "project_number": "359429859016",
    "firebase_url": "https://wigoo-driver-app.firebaseio.com",
    "project_id": "wigoo-driver-app",
    "storage_bucket": "wigoo-driver-app.appspot.com"
  },
  "client": [
    {
      "client_info": {
        "mobilesdk_app_id": "1:359429859016:android:cf7a80757d65691aaaa7fd",
        "android_client_info": {
          "package_name": "com.wigoo.driver"
        }
      },
      "oauth_client": [
        {
          "client_id": "359429859016-i5ibt3bic4b7kegb3cl9nh41rtuisara.apps.googleusercontent.com",
          "client_type": 3
        }
      ],
      "api_key": [
        {
          "current_key": "AIzaSyDOXR8WQTOM3ok8MCZD7phBkx1GK3KvUQk"
        }
      ],
      "services": {
        "appinvite_service": {
          "other_platform_oauth_client": [
            {
              "client_id": "359429859016-i5ibt3bic4b7kegb3cl9nh41rtuisara.apps.googleusercontent.com",
              "client_type": 3
            }
          ]
        }
      }
    }
  ],
  "configuration_version": "1"
}